Fecha,Aceites lubricantes,Asfalto,Bunker,Ceras,Combustible turbo jet,Diesel bajo azufre,Diesel ultra bajo azufre,Gas licuado de petr贸leo,Gasolina de aviaci贸n,Gasolina regular,Gasolina superior,Grasas lubricantes,Kerosina,Mezclas oleosas,Naftas,PetCoke,Petr贸leo crudo,Solventes,Butano,Diesel alto azufre,Orimulsi贸n,Total
2000-01-01 00:00:00,0,48446,296766.99,0,0,0,0,194410.47619047618,1426,202645.2,308156.82,0,64026.09,0,0,0,0,0,0,634667.06,0,1750544.6361904764
2000-02-01 00:00:00,0,50597,328116.44,0,0,0,0,174710.55238095237,1458,205530.96,307766.31,0,62660.3,0,0,0,0,0,0,642380.66,0,1773220.2223809524
2000-03-01 00:00:00,0,27593,368589.63,0,0,0,0,189234.06666666668,1503,229499.56,331910.29,0,61361.99,0,0,0,0,0,0,699807.25,0,1909498.7866666666
2000-04-01 00:00:00,0,53794,396300.47,0,0,0,0,174330.60714285713,1561,210680.4,315648.08,0,61814.32,0,0,0,0,0,0,586803.98,0,1800932.857142857
2000-05-01 00:00:00,0,60137,449368.92,0,0,0,0,191745.14761904764,1642,208164.34,319667.97,0,54098.32,0,0,0,0,0,0,656948.2,0,1941771.8976190477
2000-06-01 00:00:00,0,40623,404033.69,0,0,0,0,196321.93333333335,1641,195088.74,300347.7,0,60390.32,0,0,0,0,0,0,570919.88,0,1769366.2633333332
2000-07-01 00:00:00,0,36670,291436.2,0,0,0,0,192344.50238095238,1598,204556.77,308305.93,0,61931.56,0,0,0,0,0,0,576436.02,0,1673278.9823809525
2000-08-01 00:00:00,0,25033,373811.63,0,0,0,0,203727.08095238093,1438,218388.51,323011.86,0,70821.94,0,0,0,0,0,0,593770.77,0,1810002.7909523812
2000-09-01 00:00:00,0,16906,322718.89,0,0,0,0,194565.09761904762,1469,213906.96,326455.72,0,58960.01,0,0,0,0,0,0,590145.4,0,1725127.0776190476
2000-10-01 00:00:00,0,22070,260955.42,0,0,0,0,210261.82619047622,1475,213606.65,323843.63,0,63794.12,0,0,0,0,0,0,641113.36,0,1737120.0061904762
2000-11-01 00:00:00,0,25659,310274.26,0,0,0,0,205027.95261904763,1498,209227.48,320788.08,0,65733,0,0,0,0,0,0,657086.3,0,1795294.0726190477
2000-12-01 00:00:00,0,20430,284045.83,0,0,0,0,200247.555,1501,230020.7,366987.56,0,68848.5,0,0,0,0,0,0,673282.26,0,1845363.405
2001-01-01 00:00:00,0,30002.214999999997,399107.63301587204,0,0,0,0,179405.99027777778,1755.5833333333333,164547.3516666666,300242.7816666665,0,69691.25083333332,0,0,0,0,0,0,569328.7870238096,0,1714081.592817459
2001-02-01 00:00:00,0,34407.564999999995,404897.0034920625,0,0,0,0,167818.1378968254,1510.5833333333333,174838.8116666666,301483.401666666,0,56326.42083333332,0,0,0,0,0,0,597749.8317857146,0,1739031.7556746015
2001-03-01 00:00:00,0,32274.674999999996,406269.2753968244,0,0,0,0,186397.3259920635,1602.5833333333333,201992.6516666666,355572.831666666,0,68208.99083333332,0,0,0,0,0,0,736085.9732142859,0,1988404.307103173
2001-04-01 00:00:00,0,26986.954999999994,397689.2196825387,0,0,0,0,175820.34503968255,1355.5833333333333,198683.3916666666,355826.761666666,0,66697.90083333332,0,0,0,0,0,0,606257.6589285719,0,1829317.8161507924
2001-05-01 00:00:00,0,29776.714999999997,494837.72825396725,0,0,0,0,178303.33075396824,1273.5833333333333,182504.09166666662,336040.041666666,0,61641.630833333315,0,0,0,0,0,0,664082.6575,0,1948459.7790079347
2001-06-01 00:00:00,0,26759.214999999997,385382.01634920534,0,0,0,0,177826.92837301586,1171.5833333333333,201379.4816666666,308804.7016666665,0,57796.09083333332,0,0,0,0,0,0,559333.0336904764,0,1718453.0509126973
2001-07-01 00:00:00,0,24312.284999999993,482085.373968253,0,0,0,0,191041.99027777778,1637.5833333333333,214980.2416666666,350501.971666667,0,67033.45083333332,0,0,0,0,0,0,589452.7346428575,0,1921045.6313888885
2001-08-01 00:00:00,0,25225.994999999995,470955.27396825294,0,0,0,0,190295.99027777778,1412.5833333333333,204646.771666667,348414.6516666665,0,64093.29083333332,0,0,0,0,0,0,568546.3746428574,0,1873590.931388888
2001-09-01 00:00:00,0,20603.094999999994,387235.78396825294,0,0,0,0,184039.99027777778,1710.5833333333333,188292.3516666666,324393.9616666665,0,51773.04083333332,0,0,0,0,0,0,533108.3946428574,0,1691157.2013888876
2001-10-01 00:00:00,0,29817.094999999994,412617.563968253,0,0,0,0,206176.99027777778,1102.5833333333333,225240.9516666666,366261.631666666,0,56193.31083333332,0,0,0,0,0,0,603371.1846428574,0,1900781.3113888875
2001-11-01 00:00:00,0,22299.094999999994,606966.563968253,0,0,0,0,201335.99027777778,1791.5833333333333,210324.9516666666,351890.631666666,0,53500.31083333332,0,0,0,0,0,0,626156.1846428574,0,2074265.3113888875
2001-12-01 00:00:00,0,19283.094999999994,402835.563968253,0,0,0,0,209792.99027777778,979.5833333333333,223209.9516666666,403561.631666666,0,60508.31083333332,0,0,0,0,0,0,664190.1846428574,0,1984361.3113888875
2002-01-01 00:00:00,0,16971.656666666662,512580.54666666675,0,0,0,0,196068.60873015874,1722.916666666667,200309.85166666665,368935.52583333326,0,51969.76749999998,0,0,0,37593.978333333376,0,0,726672.5991666663,0,2112825.451230158
2002-02-01 00:00:00,0,22834.536666666663,506069.6266666667,0,0,0,0,180209.8015873016,923.916666666667,183119.34166666665,348917.78583333327,0,42796.91749999998,0,0,0,85710.74833333338,0,0,694344.7791666662,0,2064927.4540873012
2002-03-01 00:00:00,0,22891.186666666665,446878.0666666667,0,0,0,0,186680.96587301587,1082.916666666667,212711.71166666664,385044.96583333326,0,53352.85749999998,0,0,0,64873.728333333376,0,0,656379.2891666662,0,2029895.6883730153
2002-04-01 00:00:00,0,35584.53666666667,450736.2566666667,0,0,0,0,196167.1611111111,1295.916666666667,204765.62166666664,379741.9758333333,0,51056.137499999975,0,0,0,40923.468333333374,0,0,683646.1691666662,0,2043917.2436111106
2002-05-01 00:00:00,0,27945.586666666662,539547.9066666667,0,0,0,0,201612.35634920635,1671.916666666667,201083.51166666663,375054.63583333325,0,52716.54749999998,0,0,0,62407.66833333337,0,0,707165.4691666663,0,2169205.5988492058
2002-06-01 00:00:00,0,20228.036666666663,456986.2666666667,0,0,0,0,193024.39920634922,638.916666666667,187629.42166666663,371138.58583333326,0,50501.347499999974,0,0,0,22963.618333333376,0,0,667820.7091666663,0,1970931.3017063485
2002-07-01 00:00:00,0,14042.266666666663,492323.43666666665,0,0,0,0,204196.24444444446,2062.916666666667,201692.64166666663,399944.64583333326,0,55179.817499999976,0,0,0,48749.898333333374,0,0,656761.5991666663,0,2074953.4669444438
2002-08-01 00:00:00,0,13715.916666666662,429935.5066666667,0,0,0,0,213625.43253968254,1825.916666666667,205240.77166666664,392355.6158333333,0,51119.78749999998,0,0,0,13351.578333333375,0,0,657099.7391666662,0,1978270.2650396822
2002-09-01 00:00:00,0,13512.866666666663,381600.3366666667,0,0,0,0,209849.7587301588,1416.916666666667,177614.80166666664,347191.43583333323,0,46923.96749999998,0,0,0,49713.578333333375,0,0,653664.5991666663,0,1881488.2612301582
2002-10-01 00:00:00,0,10066.266666666663,320349.2066666667,0,0,0,0,212932.32777777783,1834.916666666667,203097.24166666664,381595.19583333324,0,61834.37749999998,0,0,0,40876.578333333375,0,0,653053.2691666662,0,1885639.3802777776
2002-11-01 00:00:00,0,16772.076666666664,438764.8966666667,0,0,0,0,210000.54682539683,1552.916666666667,207629.81166666665,384334.21583333326,0,50783.19749999998,0,0,0,43455.578333333375,0,0,671401.3291666663,0,2024694.5693253963
2002-12-01 00:00:00,0,13946.066666666664,490960.94666666666,0,0,0,0,223830.39682539683,1397.916666666667,199619.27166666664,400645.4158333333,0,55123.277499999975,0,0,0,52341.578333333375,0,0,676192.4491666663,0,2114057.3193253963
2003-01-01 00:00:00,0,19127.77,459765.4,0,0,0,0,213268.97857142857,2009,193713.62,376516.58,0,55260.55,0,0,0,23392,0,0,769843.3,0,2112897.1985714287
2003-02-01 00:00:00,0,34700.38,377181.42,0,0,0,0,206815.0119047619,1166,184354.61,355760.81,0,45243.65,0,0,0,61772,0,0,709783.58,0,1976777.4619047618
2003-03-01 00:00:00,0,56138.58,516535.35,0,0,0,0,216427.95,2039,201443.37,361880.87,0,51161.05,0,0,0,94892,0,0,786484.49,0,2287002.66
2003-04-01 00:00:00,0,47408.44,502634.98,0,0,0,0,204403.5119047619,1469,219004.31249999997,377395.17,0,50488.24,0,0,0,36935,0,0,709626.3875,0,2149365.0419047615
2003-05-01 00:00:00,0,49995.62,565746.99,0,0,0,0,216452.75214285718,1387,200407.18,390624.27,0,50951.19,0,0,0,106406,0,0,755982.05,0,2337953.0521428576
2003-06-01 00:00:00,0,37720.89,410520.4,0,0,0,0,212069.04047619048,1309,168327.72,346941.84,0,50662.66,0,0,0,61528,0,0,641540.08,0,1930619.6304761905
2003-07-01 00:00:00,0,38616.19,438350.49,0,0,0,0,231172.01428571428,1662,174317.57,377178.84,0,59604.95,0,0,0,57764,0,0,631704.12,0,2010370.1742857145
2003-08-01 00:00:00,0,35878.39,464485.57,0,0,0,0,222312.70714285717,1152,171665.05,355682.72,0,54601.1,0,0,0,40642,0,0,613428.55,0,1959848.0871428573
2003-09-01 00:00:00,0,41167.35,357778.24,0,0,0,0,225703.05,1617,174757.95,348659.02,0,52876.98,0,0,0,61611.6,0,0,582989.47,0,1847160.66
2003-10-01 00:00:00,0,32848.56,614187.67,0,0,0,0,239665.04285714283,1115,209314.45,392041.78,0,54999.76,0,0,0,52466,0,0,722763.6,0,2319401.862857143
2003-11-01 00:00:00,0,38513.22,697861.8,0,0,0,0,229612.35476190477,612,168510,330640.23,0,56216.77,0,0,0,65943.03,0,0,639828.39,0,2227737.794761905
2003-12-01 00:00:00,0,31050.77,340583.67,0,0,0,0,247544.63809523807,903,196081.99,391327.66,0,61415.1,0,0,0,58499.66,0,0,652872.45,0,1980278.938095238
2004-01-01 00:00:00,0,31681.4,430693.77,0,0,0,0,235284.96571428573,1295,203975.57,381547.72,0,54764.8,0,0,83419.985,87146,0,0,656987.4,0,2166796.6107142856
2004-02-01 00:00:00,0,34556.73,381997.15,0,0,0,0,213288.68333333332,2734,180290.24,339576.46,0,50279.3,0,0,40040,74043,0,0,659540.43,48278,2024623.9933333334
2004-03-01 00:00:00,0,39057.06,426729,0,0,0,0,233426.35476190475,1238,206455.62,379687.46,0,57919.1,0,0,47740,59087,0,0,746236.84,113372,2310948.4347619046
2004-04-01 00:00:00,0,41073,368839.7,0,0,0,0,217530.87619047618,1124,182379.92,357595.81,0,59607.6,0,0,63398.5,34697,0,0,633766.06,146362,2106374.466190476
2004-05-01 00:00:00,0,31988.71,400866.77,0,0,0,0,225959.05023809522,968,160741.9,322596.73,0,60199.1,0,0,79761,52403,0,0,556369.7,176927,2068780.960238095
2004-06-01 00:00:00,0,45451.1,335267.91,0,0,0,0,225673.46404761903,776,164782.5,318811.5,0,55658.6,0,0,67864.5,60590,0,0,560393.48,161297,1996566.054047619
2004-07-01 00:00:00,0,29127.74,320546.15,0,0,0,0,243064.07285714286,1725,182642.41,346413.66,0,68394.8,0,0,68343,39999,0,0,583098.546,176388,2059742.3788571428
2004-08-01 00:00:00,0,30990.92,333848.59,0,0,0,0,236324.7680952381,759,207432.8,390304.28,0,62772.7,0,0,64845,40389,0,0,699610.8,184302,2251579.8580952385
2004-09-01 00:00:00,0,24259.26,376693.43,0,0,0,0,225204.18023809523,1418,194240.55,364689.84,0,53387.8,0,0,0,26770,0,0,612639.57,174244,2053546.6302380953
2004-10-01 00:00:00,0,18477.29,323360.76,0,0,0,0,229626.05833333335,1886,200323.53,380441.55,0,59383.3,0,0,130845,40583,0,0,619084.79,171384,2175395.2783333333
2004-11-01 00:00:00,0,18502.2,328267.45,0,0,0,0,225593.82309523807,1435,214509.65,378498.6,0,56250.2,0,0,69437.5,37413.09,0,0,705298.16,158324,2193529.673095238
2004-12-01 00:00:00,0,14061.36,289338.8,0,0,0,0,241915.00523809527,1419,236733.03,429109.1,0,63695.8,0,0,79546.5,43894,0,0,761864.3,180450,2342026.8952380954
2005-01-01 00:00:00,0,17015.36,260522.63,0,48943.2,0,0,227154.96976190474,1497,209901.6,321382.14,0,10015.1,0,0,98428,31108.09,0,0,724692.36,148655,2099315.449761905
2005-02-01 00:00:00,0,29448.99,280847.96,0,39285.8,0,0,211814.37595238094,1705,198775.61,375768.83,0,9557.4,0,0,64718.5,43384.28,0,0,717116.77,152244,2124667.515952381
2005-03-01 00:00:00,0,38075.98,404657.12,0,48358.6,0,0,224387.02833333335,1282,231358.58,410241.928,0,9416.3,0,0,92735.5,32149,0,0,802139.58,168846,2463647.6163333333
2005-04-01 00:00:00,0,40602.97,387064.14,0,39340.9,0,0,218555.20642857143,917,225644.89,389737.16,0,5506.2,0,0,131785.5,47388,0,0,803996.93,182433,2472971.896428572
2005-05-01 00:00:00,0,40536.6,506432.44,0,36827.2,0,0,230568.15238095235,1335,187048.26,343762.52,0,6820.9,0,0,129277.5,55515,0,0,715360.44,167907,2421391.012380952
2005-06-01 00:00:00,0,39064.02,562186.3,0,44188.1,0,0,223151.25952380954,1412,202161.79,351906.82,0,8013.7,0,0,69657.5,55190,0,0,681743.36,166798,2405472.8495238093
2005-07-01 00:00:00,0,34049.77,334178.36,0,50690.5,0,0,236140.07857142857,1678,213821.77,389172.65,0,5335.4,0,0,64702,50986,0,0,678614.47,122064,2181432.9985714285
2005-08-01 00:00:00,0,29237.36,305370.13,0,47309.3,0,0,242734.74047619046,1106,212696.38,396871.12,0,8509.9,0,0,86713,61600,0,0,693681.13,158944,2244773.0604761904
2005-09-01 00:00:00,0,26273.57,238571.81,0,40131.2,0,0,223283.86904761902,1309,196776.87,378887.62,0,5904.7,0,0,87345.5,11689,0,0,666258.37,103761,1980192.5090476188
2005-10-01 00:00:00,0,5405.34,230464.4,0,49322.5,0,0,213139.58095238096,996,192270.24,328052.56,0,7862.9,0,0,84210.5,7770,0,0,589830.24,91025,1800349.260952381
2005-11-01 00:00:00,0,13712.31,302297.6,0,23955.9,0,0,222988.52619047617,1624,185251.12,360869.14,0,7266.3,0,0,77429,35384,0,0,701255.47,183012,2115045.3661904763
2005-12-01 00:00:00,0,25971.31,285933.09,0,50005,0,0,225410.42904761905,1457,241035.13,448688.52,0,8298.3,0,0,99434.5,51257,0,0,775027.2,163364,2375881.4790476193
2006-01-01 00:00:00,0,26454.21,271228.13,0,45851,0,0,217867.30952380953,1307,211152.72,382078.88,0,7111.6,0,0,98549,38294,0,0,750946.36,163706,2214546.2095238096
2006-02-01 00:00:00,0,33494,228414.98,0,43198.9,0,0,212328.60714285713,1735,200551.4,367944.25,0,6390.9,0,0,101057,43150,0,0,734530.76,152377,2125172.797142857
2006-03-01 00:00:00,0,48745,338067.89,0,45311.9,0,0,232405.35714285716,1585,233082.86,427567.58,0,7416.6,0,0,82582.5,29621,0,0,875047.29,151247,2472679.9771428574
2006-04-01 00:00:00,0,36478,445994.72,0,44322.2,0,0,207612.26904761902,1497,223479.45,392050.29,0,8600.5,0,0,89331,59859,0,0,711185.23,29039,2249448.659047619
2006-05-01 00:00:00,0,40882,628053.53,0,44047.1,0,0,232489.8333333333,1400,222710.9,379832.55,0,6151.3,0,0,96222.5,29498,0,0,734289.15,0,2415576.8633333333
2006-06-01 00:00:00,0,22806,399380.67,0,42531.9,0,0,236563.82857142854,1362,196511.22,364359.35,0,3720.3,0,0,101684,30854,0,0,672428.87,0,2072202.1385714286
2006-07-01 00:00:00,0,34461.58,408695.2,0,43381.8,0,0,239767.85476190477,1552,210255.7,392252.91,0,6128.6,0,0,97361,59117.27,0,0,684438.7,0,2177412.614761905
2006-08-01 00:00:00,0,29068.07,412953.69,0,44489.5,0,0,245672.01666666666,1942,211202.14,394585.28,0,7918.7,0,0,89875.5,42171.03,0,0,707219.69,1471,2188568.6166666667
2006-09-01 00:00:00,0,22311.3,283514.35,0,37449.2,0,0,256040.1023809524,1576,204369.99,382724.97,0,6691.2,0,0,111782,39823.1,0,0,650791.38,0,1997073.5923809523
2006-10-01 00:00:00,0,25204.67,464238.85,0,37891.8,0,0,238514.63333333333,1845,203061.39,400793.81,0,7884.2,0,0,48735.5,28499.79,0,0,683543.13,0,2140212.7733333334
2006-11-01 00:00:00,0,36772.97,523491.3,0,40998.5,0,0,228417.4380952381,1618.91,205541.91,401922.57,0,7669.5,0,0,109186,21777.27,0,0,739181.99,0,2316578.358095238
2006-12-01 00:00:00,0,27047.99,384849.54,0,51753.6,0,0,236333.1119047619,1959,233936.83,454373.13,0,9049.5,0,0,110896.5,34342.7,0,0,776330.26,0,2320872.1619047616
2007-01-01 00:00:00,0,36112.06,481365.9,0,47659.2,0,0,217344.65595238097,1657,216560.79,418412.86,0,9659.8,0,0,118327,55217.79,0,0,810372.66,0,2412689.715952381
2007-02-01 00:00:00,0,35844.96,441178.9,0,42101.8,0,0,211149.36071428572,1606,204991.91,401425.14,0,5162.4,0,0,89353,38218.66,0,0,799394.6,0,2270426.7307142857
2007-03-01 00:00:00,0,47101.77,537373.86,0,54082.4,0,0,264115.98333333334,1665,239019.91,454731.09,0,7526.9,0,0,101887.5,57660.84,0,0,956680.19,0,2721845.4433333334
2007-04-01 00:00:00,0,38731.92,480634.06,0,44957.1,0,0,224818.87619047618,1550,217536.23,403732.56,0,7512.6,0,0,91234,46865.77,0,0,758988.58,0,2316561.6961904764
2007-05-01 00:00:00,0,44730.69,624648.8,0,46178.5,0,0,259749.48095238098,1458,224400.73,426414.71,0,11518.6,0,0,78331,47491.42,0,0,811703.69,0,2576625.620952381
2007-06-01 00:00:00,0,25509.9,666096.2,0,46459.4,0,0,244505.28333333335,908,217473.91,390991.36,0,14318.3,0,0,83270,36586.8,0,0,720896.77,0,2447015.923333334
2007-07-01 00:00:00,0,41652.9,680178.9,0,55620.5,0,0,261555.62142857144,1381,219874.23,416497.41,0,11812.2,0,0,99957,66993.71,0,0,721550.61,0,2577074.0814285716
2007-08-01 00:00:00,0,32132.95,529257.62,0,50337,0,0,267634.12142857147,1571,236565.57,411088.53,0,16179.4,0,0,117265.5,36100.5,0,0,736620.9,0,2434753.0914285714
2007-09-01 00:00:00,0,21666.59,374139.35,0,46392.8,0,0,254081.75857142854,1243,207241.84,390568.99,0,9016.5,0,0,101530,48278.98,0,0,669587.88,0,2123747.6885714284
2007-10-01 00:00:00,0,23741.47,384625.95,0,50839.9,0,0,264936.6595238095,1284,224750.77,419001.81,0,13724.2,0,0,105314,22628.56,0,0,738702.86,0,2249550.17952381
2007-11-01 00:00:00,0,36281.17,515855.99,0,48631.6,0,0,250108.61190476193,1477,218116.79,417490.77,0,13720.9,0,0,73557,52597.23,0,0,779547.05,0,2407384.111904762
2007-12-01 00:00:00,0,36570.14,431419.38,0,52596,0,0,253659.5285714286,1009,252394.11428571425,438542.79333333333,0,23241.6,0,0,100226.5,47879.57,0,0,768886.87,0,2406425.496190476
2008-01-01 00:00:00,0,33627.86,433142.36,0,50760.2,0,0,252508.3333333333,1989.2,213645.39,403266.74,0,23736.5,0,0,95308.84,43860.96,0,0,797668.91,0,2349515.293333333
2008-02-01 00:00:00,0,27023.37,430602.16,0,49177.79,0,0,241978.08333333334,1282.48,215873.67,407735.55,0,12268.8,0,0,59523.695,43795.41,0,0,794000.25,0,2283261.258333333
2008-03-01 00:00:00,0,24535.08,433126.79,0,54474.23,0,0,247679.0380952381,1282.24,233761.07,424157.28,0,11053.6,0,0,90591.985,33091.99,0,0,776026.79,0,2329780.0930952383
2008-04-01 00:00:00,0,28686.75,521002.28,0,50481.01,0,0,243178.03095238094,1389.7,233687.28,399193.53,0,9701.1,0,0,107236.47,33710.99,0,0,807725.77,0,2435992.910952381
2008-05-01 00:00:00,0,30108.84,671159.46,0,40315.15,0,0,240798.45952380952,1097.2,236635.85,390882.63,0,10184.3,0,0,108039.415,29039.12,0,0,682326.18,0,2440586.6045238096
2008-06-01 00:00:00,0,13816.19,512787.44,0,45117.89,0,0,242422.57142857142,961.5,200656.57,337464.32,0,9387.8,0,0,109057.41,24325.03,0,0,507662.65,0,2003659.3714285716
2008-07-01 00:00:00,0,13246.41,374959.04,0,53791.45,0,0,243531.97142857144,1376,228640.21,374847.05,0,12510.7,0,0,85805.5,20392.63,0,0,544399.26,0,1953500.2214285715
2008-08-01 00:00:00,0,17823.81,340442.84,0,52969.79,0,0,237062.51904761905,1296.43,227499,378363.76,0,5642.2,0,0,57263.195,27582.41,0,0,556174.4,0,1902120.354047619
2008-09-01 00:00:00,0,12370.7,312823.32,0,44179.04,0,0,225262.4585714286,1432.72,218214.64,367962.73,0,5890.8,0,0,103737.26,27685.65,0,0,557802.62,0,1877361.9385714284
2008-10-01 00:00:00,0,16819.09,327371.38,0,43407.77,0,0,263100.50238095236,1192.71,238955.44,386430.4,0,4615.3,0,0,76022.98,19914.86,0,0,617863.13,0,1995693.5623809525
2008-11-01 00:00:00,0,29048.29,340754.09,0,43778.49,0,0,230092.62142857147,737.48,238626.16,375438.69,0,5666.5,0,0,69055.69,40840.89,0,0,688104.11,0,2062143.0114285713
2008-12-01 00:00:00,0,28541.85,327040.5112,0,47251.99,0,0,245852.64523809525,1661.95,298245.47,463343.73,0,12981.9,0,0,10382.57,41920.97,0,0,778953.84,0,2256177.426438095
2009-01-01 00:00:00,0,31963.02,454789.92238095234,0,44522.53,0,0,217372.4166666667,1198.7,273494.16,424264.5,0,9922.8,0,0,94486.37,43188.98000000001,0,0,800526.47,0,2395729.8690476185
2009-02-01 00:00:00,0,38311.5,387416.95,0,38201.07,0,0,212038.24192799072,1009.24,254667.7,424438.71,0,6520.7,0,0,95799.165,52862.619999999995,0,0,795050.51,0,2306316.4069279907
2009-03-01 00:00:00,0,59263.86,401630.02,0,42318.130000000005,0,0,235475.31666666668,1385.24,290343.27999999997,434248.69,0,8252.9,0,0,98162.735,70567.18,0,0,865981.57,0,2507628.921666667
2009-04-01 00:00:00,0,48545.41,643776.5499999999,0,42656.39,0,0,209739.1738095238,1018.24,290887.08,454265.4,0,9120.7,0,0,97879.98000000001,53545.560000000005,0,0,822109.7400000001,0,2673544.223809524
2009-05-01 00:00:00,0,48882.92,682916.8700000001,0,35798.11,0,0,221884.4661904762,1357.9,276970.67,432401.49,0,7861.7,0,0,101914.67,60585.75000000001,0,0,770687.2799999999,0,2641261.8261904763
2009-06-01 00:00:00,0,27918.98,586246.02,0,44548.270000000004,0,0,221329.6261904762,822.8,252551.99000000002,393140.38,0,4161.6,0,0,91670.865,37437.64000000001,0,0,703815.5499999999,0,2363643.7211904763
2009-07-01 00:00:00,0,37350.91,450992.66,0,46313.509999999995,0,0,241510.20476190475,1649.1,283142.05,435256.08999999997,0,11172.6,0,0,110163.57,55471.149999999994,0,0,740868.09,0,2413889.9347619046
2009-08-01 00:00:00,0,32129.06,535359.83,0,39851.2,0,0,232174.10952380954,1458.48,267830.84,409182.96,0,10701.3,0,0,74197.31,37735.48,0,0,692376.6999999998,0,2332997.2695238097
2009-09-01 00:00:00,0,31422.61,545203.2999999999,0,34686.54,0,0,225886.4261904762,1285.3,248994.41999999998,420238.71,0,7926.6,0,0,72632.725,29161.170000000006,0,0,687435.1000000001,0,2304872.901190476
2009-10-01 00:00:00,0,25594.66,643683.55,0,37554.44,0,0,235899.13333333336,1003,269008.52,421753.29000000004,0,10994,0,0,94084.43,54414,0,0,775739.56,0,2569728.5833333335
2009-11-01 00:00:00,0,44273.35,525804.7999999999,0,37672.78999999999,0,0,232172.83333333337,1412.9,212149.905,391754.81,0,15251.9,0,0,77337.315,42512.45,0,0,738678.6499999999,0,2319021.703333333
2009-12-01 00:00:00,0,31718.719999999998,457616.74000000005,0,44690.11,0,0,215923.37857142853,1461,296805.29000000004,449842.29000000004,0,10317.6,0,0,80620.815,50398.46000000001,0,0,891670.4099999999,0,2531064.8135714284
2010-01-01 00:00:00,0,31511.410000000003,391820.19,0,41227.21,0,0,228078.62380952382,850,243341.49000000002,389068.41,0,10204.3,0,0,83732.935,32292.300000000003,0,0,777741.3400000001,0,2229868.208809524
2010-02-01 00:00:00,0,30767.710000000003,451749.94,0,35844.67,0,0,214409.6857142857,1397,248207.93000000002,391195.69000000006,0,9408.7,0,0,91255.01,30991.629999999997,0,0,807692.1,0,2312920.0657142857
2010-03-01 00:00:00,0,27017.079999999998,384792.99,0,44598.5,0,0,242081.58571428573,1329,320985.41000000003,465664.59,0,33330.7,0,0,79706.60500000001,55580.16,0,0,1017058.18,0,2672144.8007142856
2010-04-01 00:00:00,0,24699.45,331373.92,0,45127.020000000004,0,0,216150.6666666667,1098,254872.61000000002,387063.18,0,3894.5,0,0,77061.26999999999,24069.940000000002,0,0,762770.0099999999,0,2128180.5666666664
2010-05-01 00:00:00,0,20105.26,365270.01,0,37381.07,0,0,215523.5380952381,957,238903.31,381811.17999999993,0,4776,0,0,87377.4,55436.63999999999,0,0,721668.1799999999,0,2129209.5880952384
2010-06-01 00:00:00,0,13669.009999999998,344237.89,0,38418.83,0,0,226415.07380952383,940,251896.38999999998,385981.1,0,9185.7,0,0,86113.28,55113.229999999996,0,0,683236.54,0,2095207.043809524
2010-07-01 00:00:00,0,10977.1,291849.32999999996,0,47085.53,0,0,243063.35,1094,278700.49,422481.8,0,8863.1,0,0,45959.649999999994,38570.84999999999,0,0,721584.6000000001,0,2110229.8
2010-08-01 00:00:00,0,10044.77,212469.47,0,45197.119999999995,0,0,245908.4166666667,1279,268917.79,410176.38999999996,0,6961.3,0,0,95323.085,12877.010000000002,0,0,695796.3300000001,0,2004950.6816666666
2010-09-01 00:00:00,0,19136.32,211385.25,0,36057.490000000005,0,0,233404.89523809525,1694,266975.25,396429.75,0,9110.6,0,0,89908.225,57336.39,0,0,687553.88,0,2008992.0502380952
2010-10-01 00:00:00,0,23496.93,216834.49,0,38697.1,0,0,236852.34523809527,777,275031.20999999996,418305.07000000007,0,5718.6,0,0,63264.575,46381.130000000005,0,0,745415.5100000001,0,2070773.9602380954
2010-11-01 00:00:00,0,24354.93,251863.66,0,33407.71,0,0,255841.84523809527,1538,273452.94,409652.73,0,10443,0,0,71750.745,23969.940000000002,0,0,785917.4000000001,0,2142192.9002380953
2010-12-01 00:00:00,0,21599.07,156863.43,0,41025.05,0,0,251825.20476190478,1124,320807.17,466766.78,0,10620.7,0,0,94478.945,53169.70999999999,0,0,843762,0,2262042.0597619046
2011-01-01 00:00:00,0,17369.797142857144,264151.17600000004,0,30823.29,0,0,244328.91428571424,1295,285089.04000000004,411737.32999999996,0,12512,0,0,106612.99,49396.74,0,0,850696.7899999999,0,2274013.067428571
2011-02-01 00:00:00,0,20587.760000000002,259856.16999999998,0,26917.519999999997,0,0,228478.99523809523,940,269301.38,391131.1,0,11411.5,0,0,100367.74,39015.88,0,0,819940.5,0,2167948.5452380953
2011-03-01 00:00:00,0,25683.064761904763,395111.72,0,34478.8,0,0,255792.9166666667,1475,281453.75,393160.91,0,11433.8,0,0,118505.585,52874.840000000004,0,0,900485.91,0,2470456.2964285715
2011-04-01 00:00:00,0,29703.34380952381,539928.5700000001,0,34179.8,0,0,237582.67619047617,1107,285598.37,386749.27,0,12796.6,0,0,106152.20000000001,34616.09,0,0,797527.23,0,2465941.1500000004
2011-05-01 00:00:00,0,32700.989999999998,501342.97,0,33669.09,0,0,247975.2761904762,1100,253277.88,371876.74999999994,0,10823.6,0,0,97113.61,76408.92000000001,0,0,803849.5299999999,0,2430138.616190476
2011-06-01 00:00:00,0,24786.050952380952,638939.11,0,37037.4,0,0,247082.27619047623,1100,290137.49000000005,380800.43,0,9444.8,0,0,101035.11,46048.92,0,0,729676.79,0,2506088.3771428573
2011-07-01 00:00:00,0,22142.31952380952,251734.87,0,44313.17,0,0,259033.88809523807,1295,279283.36,389294.64,0,14646.3,0,0,71758.995,44432.82,0,0,718255.06,0,2096190.4226190476
2011-08-01 00:00:00,0,17414.86,333071.69,0,42315.36,0,0,259688.74285714282,1467,256380.26999999996,408494.50999999995,0,10424.1,0,0,74518.89499999999,39157.53,0,0,699736.08,0,2142669.0378571427
2011-09-01 00:00:00,0,14666.966904761905,238864.67,0,36043.04,0,0,251882.53571428574,1100,256728.25000000003,380453.23,0,9715.8,0,0,63847.96,39066.8,0,0,660384.9299999999,0,1952754.1826190474
2011-10-01 00:00:00,0,13711.350952380952,239305.91000000003,0,37096.07,0,0,262255.1380952381,745,242071.00999999998,381309.5,0,10170.3,0,0,48561.315,39973.10999999999,0,0,672214.9299999999,0,1947413.6340476188
2011-11-01 00:00:00,0,31593.721904761904,229497.47999999998,0,38064.86,0,0,252218.2142857143,1283,231413.83,381871.84,0,10071.9,0,0,99849.53,44374.420000000006,0,0,794507.24,0,2114746.0361904763
2011-12-01 00:00:00,0,25774.41738095238,215079.84000000003,0,41929.61,0,0,263892.43333333335,1295,291678.03,449904.1,0,13089.6,0,0,88815.54000000001,57943.79000000001,0,0,862318.7999999999,0,2311721.160714286
2012-01-01 00:00:00,0,28849.11,199651.92,0,39631.6,0,0,242524.89857142858,1100,261933.68,393781.93999999994,0,11596.5,0,0,77569.36,44982.71000000001,0,0,814956.7200000001,0,2116578.438571429
2012-02-01 00:00:00,0,22730.378095238095,295550.29000000004,0,34550.67,0,0,243810.9523809524,1295,253733.21999999997,402633.55,0,9916.7,0,0,83515.025,49337.47,0,0,848067.2499999999,0,2245140.5054761907
2012-03-01 00:00:00,0,30672.079761904763,351951.01999999996,0,49247.79,0,0,270906.08380952384,1467,290286.65,429534.5,0,162.77000000000044,0,0,103215.64,44877.18,0,0,925065.27,0,2497385.983571429
2012-04-01 00:00:00,0,27048.123333333333,311653.42,0,34435.19,0,0,249493.65857142862,1100,262615.27999999997,389264.01999999996,0,5720.829999999998,0,0,94102.14,42650.81999999999,0,0,792201.73,0,2210285.211904762
2012-05-01 00:00:00,0,22351.300952380952,492974.58999999997,0,18507.79,0,0,261657.40666666668,1300,235374.04,405877.41000000003,0,39069.95,0,0,77341.935,52170.979999999996,0,0,771542.4700000001,0,2378167.8726190478
2012-06-01 00:00:00,0,15219.558095238095,325999.25,0,10812.2,0,0,255333.42619047622,917,261012.58000000002,409111.24,0,44022.369999999995,0,0,97728.95000000001,31694.109999999993,0,0,712464.94,0,2164315.6242857147
2012-07-01 00:00:00,0,21946.126904761906,308473.06999999995,0,24927.2,0,0,271101.9361904762,1307,233061.34999999998,420370.60000000003,0,35388.97,0,0,75956.815,51140.35999999999,0,0,699130.0399999999,0,2142803.468095238
2012-08-01 00:00:00,0,22014.808095238095,343321.81999999995,0,22370.8,0,0,280184.26857142855,1283,259165.94,433828.01999999996,0,31964.768,0,0,96820.68,46292.7,0,0,716720.36,0,2253967.1646666666
2012-09-01 00:00:00,0,19861.060952380954,285599.63,0,17089.8,0,0,268875.09523809527,1124,228205.77,378478.8,0,30052.010000000002,0,0,61612.649999999994,40445.17,0,0,632120.3700000001,0,1963464.3561904766
2012-10-01 00:00:00,0,15420.119999999999,359066.7,0,19378.9,0,0,297829.17404761905,1307,261347.22,414523.22000000003,0,28278.43,0,0,110937.97,36948.68,0,0,728414.8799999999,0,2273452.294047619
2012-11-01 00:00:00,0,20434.774285714288,394482.14,0,18005.6,0,0,303422.01238095236,1100,272657.82,394751.47,0,31373.64,0,0,27937.8,40052.76,0,0,812523.4400000001,0,2316741.456666667
2012-12-01 00:00:00,0,20346.53,317771.57999999996,0,19827.4,0,0,281757.5619047619,1195.2,310407.04,442191.42999999993,0,32533.44,0,0,22090.77,56283.490000000005,0,0,848262.93,0,2352667.3719047615
2013-01-01 00:00:00,0,12205.94,197658.18,0,38605.36,0,0,291843.99761904764,1489.48,287985.59,408557.45,0,13242.55,0,0,97515.33,39542.91999999999,0,0,863769.4099999999,0,2252416.2076190477
2013-02-01 00:00:00,0,14270.12,222606.1,0,28448.02,0,0,253221.89285714284,1226.62,259659.66,361215.69,0,16355.46,0,0,81654.54000000001,22225.019999999997,0,0,808853.9700000001,0,2069737.092857143
2013-03-01 00:00:00,0,23907.33,289422.67,0,32505.06,0,0,286869.62142857147,924,313075.44999999995,413744.8599999999,0,16675,0,0,131379.05,50215.89,0,0,898352.2,0,2457071.1314285714
2013-04-01 00:00:00,0,23075.019999999997,328809.8,0,32725.43,0,0,287216.30333333334,1100,330070.65,409238.3,0,15424.52,0,0,73378.08499999999,41087.97,0,0,966103.9199999999,0,2508229.998333333
2013-05-01 00:00:00,0,20716.42,434716.64999999997,0,32306.94,0,0,301770.5254761905,1173.74,313131.36,403354.79,0,13608.37,0,0,99652.685,34639.09999999999,0,0,827601.25,0,2482671.8304761904
2013-06-01 00:00:00,0,19145.309999999998,384549.94,0,25064.370000000003,0,0,275921.36904761905,1383.35,287596.64,402012.07,0,17894,0,0,113554.65,41706.22,0,0,775187.12286,0,2344015.041907619
2013-07-01 00:00:00,0,19516.84,286369.33,0,35532.69,0,0,292790.10476190475,1001.07,314185.61,425154.22000000003,0,21247,0,0,111798.06,40114.18,0,0,732544.52,0,2280253.624761905
2013-08-01 00:00:00,0,16534.02,284525.32,0,34875.26,0,0,282844.3190476191,1467,288400.67,416968.14999999997,0,16948,0,0,100883.255,43009.3,0,0,773147.9,0,2259603.194047619
2013-09-01 00:00:00,0,10189.82,191796.17,0,33980.81,0,0,278403.4202380952,1283,249357.41999999998,379479.78,0,8640,0,0,75989.1,38110.229999999996,0,0,672125.1600000001,0,1939354.9102380953
2013-10-01 00:00:00,0,10352.81,200089.72,0,33725.62,0,0,285195.0119047619,1298.98,314518.72000000003,430179.69,0,15461,0,0,62188.170000000006,37081.20000000001,0,0,800049.1200000001,0,2190140.041904762
2013-11-01 00:00:00,0,10990.54,182327.92,0,37678.380000000005,0,0,253022.22547619048,587.21,306638.45,404692.46,0,16521,0,0,96463.73000000001,37046.09999999999,0,0,821457.4500000001,0,2167425.4654761907
2013-12-01 00:00:00,0,14139.03,137481.49,0,31020.65,0,0,282335.4695238095,1284,339969.85,448135.35,0,20137,0,0,82518.64499999999,48041.71000000001,0,0,860351.9000000001,0,2265415.09452381
2014-01-01 00:00:00,0,47657.130000000005,150401.55,0,35071.79,0,0,288260.8042857143,1504,312139.77,412617.92999999993,0,16452.26,0,0,110646.305,37212.009999999995,0,0,917251.54,0,2329215.0892857146
2014-02-01 00:00:00,0,22039.43,191584.66,0,23696.100000000002,0,0,304312.1285714286,1283,312142.65,385430.58,0,14441.12,0,0,105986.1,46110.10999999999,0,0,890362.3099999999,0,2297388.1885714284
2014-03-01 00:00:00,0,12159.869999999999,254936.96,0,39327.740000000005,0,0,284201.430952381,1132.4,335869.63,434863.95999999996,0,16527.3,0,0,107499.64499999999,36453.76000000001,0,0,1004937.39,0,2527910.085952381
2014-04-01 00:00:00,0,22675.6,293648.05000000005,0,38975.79,0,0,250902.8311904762,329,349155.29999999993,437470.06999999995,0,15600,0,0,94527.235,41751.04000000001,0,0,972039.4199999999,0,2517074.336190476
2014-05-01 00:00:00,0,22036.88,295075.17000000004,0,29820.269999999997,0,0,305911.84047619044,1162.98,332737.37,427487.20000000007,0,18620.1,0,0,105266.205,43299.79999999999,0,0,877263.31,0,2458681.125476191
2014-06-01 00:00:00,0,20863.920000000002,211036.28,0,36833.13,0,0,285640.4357142857,733,303016.82,387299.1,0,21987.5,0,0,109708.83,41730.57000000001,0,0,733508.7,0,2152358.2857142854
2014-07-01 00:00:00,0,20046.620000000006,312203.05999999994,0,41291.71,0,0,289827.59857142856,1502.4,344659.64,439137.13,0,22146.219999999998,0,0,101908.84000000001,46099.119999999995,0,0,826918.8099999999,0,2445741.1485714284
2014-08-01 00:00:00,0,24450.239999999998,406297.44999999995,0,10476.4,0,0,272617.59714285715,1466.7,326356.06000000006,442953.10000000003,0,43792.26,0,0,101477.53,53158.86,0,0,793694.01,0,2476740.2071428574
2014-09-01 00:00:00,0,16173.57,229889.08,0,8012.4,0,0,271079.5947619048,550,371327.13000000006,411466.28,0,37824.530000000006,0,0,81213.015,36119.869999999995,0,0,728498.8400000001,0,2192154.309761905
2014-10-01 00:00:00,0,10066.11,291536.98,0,9170.9,0,0,337006.14452380955,183.3,343812.67,459922.48,0,44198.4,0,0,101071.19,53692.16,0,0,836278.1200000001,0,2486938.4545238097
2014-11-01 00:00:00,0,17687.89,190635.69999999998,0,7357.7,0,0,303666.7042857143,190.5,343918.56000000006,436467.89999999997,0,42604.50000000001,0,0,116686.01999999999,49256.09,0,0,885713.74,0,2394185.3042857144
2014-12-01 00:00:00,0,16337.76,211555.82,0,39959.47,0,0,311419.96047619043,1142.9,464223.15,538899.26,0,19815.75,0,0,119369.79999999999,60321.90000000001,0,0,1021378.09,0,2804423.8604761907
2015-01-01 00:00:00,0,14013.059999999998,243511.91999999998,0,41308.34,0,0,317220.9128571428,1353.8,419102.71999999986,503135.7,0,12126.41,0,0,76805.245,40255.58,0,0,1014706.21,0,2683539.8978571426
2015-02-01 00:00:00,0,10763.45,189006.84000000003,0,32165.25,0,0,315364.3633333333,958.4,398167.69000000006,454190.88,0,28906.68,0,0,88685.685,41687.16,0,0,980149.84,0,2540046.2383333333
2015-03-01 00:00:00,0,26761.09,253562.02000000002,0,38204.729999999996,0,0,338142.3171428571,1478.49,457246.13999999996,521879.26,0,16930.559999999998,0,0,107757.21,54482.32000000001,0,0,1142551.0599999998,0,2958995.1971428567
2015-04-01 00:00:00,0,17237.769999999997,318449.80000000005,0,39177.71,0,0,320920.8838095238,1119.05,413451.11,486779.41000000003,0,9165.789999999994,0,0,112963.4,34156.09,0,0,1011167.74,0,2764588.753809524
2015-05-01 00:00:00,0,14038.740000000002,367017.50999999995,0,34301.53,0,0,328177.80380952376,952.43,415570.94999999995,483594.8300000001,0,19259.07,0,0,92041.345,40588.91,0,0,944316.6599999999,0,2739859.778809523
2015-06-01 00:00:00,0,13095.630000000001,315322.36,0,39977.57000000001,0,0,331140.04571428575,772.0300000000001,414466.18,480892.11000000004,0,16406.36,0,0,112288.54999999999,35207.32000000001,0,0,880016.47,0,2639584.6257142858
2015-07-01 00:00:00,0,16218.35,350976.98000000004,0,42322.79,0,0,363251.95999999996,1658.2,440729.52999999997,515322.6599999999,0,19274.98,0,0,106971.26,31447,0,0,902586.3600000001,0,2790760.07
2015-08-01 00:00:00,0,14732.029999999999,519237.36,0,40414.69,0,0,333215.60714285716,1121.88,439588.9,513413,0,14996.02,0,0,108392.46,43883.149999999994,0,0,887796.8499999999,0,2916791.947142857
2015-09-01 00:00:00,0,9560.41,342909.32999999996,0,32730.8,0,0,364351.758095238,1122.19,422826.5854761905,501658.0433333333,0,14495.48,0,0,96179.21500000001,34526.1,0,0,734654.215,0,2555014.1269047614
2015-10-01 00:00:00,0,7632.56,304037.54714000004,0,37102.3,0,0,364469.5457142857,928.57,448971.87999999995,532741.14,0,16644.12,0,0,79944.15,38501.06,0,0,834285.95,0,2665258.822854286
2015-11-01 00:00:00,0,10137.170000000002,209107.13999999998,0,41450.5,0,0,353643.0785714286,952.4,423841.81999999995,516486.95,0,15712.24,0,0,77375.20999999999,32446.1,0,0,925430.9999999999,0,2606583.6085714283
2015-12-01 00:00:00,0,9475.849999999999,184791.46,0,43851.689999999995,0,0,355233.6490476191,1113.18,499839.17,600161.72,0,18892.21,0,0,91440.745,36934.5,0,0,1047478.84,0,2889213.014047619
2016-01-01 00:00:00,0,5542.279999999999,262150.77,0,38680.600000000006,0,0,346512.21904761903,952.98,433180.33999999997,545737.53,0,16499.030000000002,0,0,100703.07500000001,33641,0,0,1084043.6300000001,0,2867643.4540476194
2016-02-01 00:00:00,0,5939.92,242970.07,0,40215.130000000005,0,0,368867.54809523805,1143.69,450916.35,540459.19,0,13267.85,0,0,88817.51999999999,28012.300000000003,0,0,1055672.6400000001,0,2836282.208095238
2016-03-01 00:00:00,0,5301.470000000001,312624.83999999997,0,43123.03,0,0,372223.4240476191,1181.455,486255.94000000006,575720.92,0,19388.309999999998,0,0,69957.47,31366,0,0,1107296.65,0,3024439.509047619
2016-04-01 00:00:00,0,13098.881666666668,305191.04999999993,0,37842.689999999995,0,0,357084.2233333333,954.36,467472.2,545605.47,0,16511.55,0,0,80123.725,13357,0,0,1149175.1921428572,0,2986416.342142857
2016-05-01 00:00:00,0,8723.98,415456.18,0,37138.19,0,0,377629.0169047619,1142.9,468710.37999999995,551000.79,0,19928.338,0,0,87793.2,40423,0,0,1019984.4000000001,0,3027930.374904762
2016-06-01 00:00:00,0,3707.2799999999997,292566.82999999996,0,39135.65,0,0,355848.9933333334,952.4,450758.18000000005,537583.25,0,19761.88,0,0,74829.64499999999,28875,0,0,888538.1,0,2692557.2083333335
2016-07-01 00:00:00,0,2287.9300000000003,213537.63,0,42271.27,0,0,350429.7666666667,948.56,465270.48000000004,562778.84,0,18463.789999999997,0,0,104878.345,30961.5,0,0,883716.04,0,2675544.151666667
2016-08-01 00:00:00,0,5385.99,126708.78,0,44360.08,0,0,363859.51309523813,1344.69,485995.83,585748.5,0,19426.8,0,0,105941.22,35543.600000000006,0,0,866270.02,0,2640585.023095238
2016-09-01 00:00:00,0,7526.620000000001,156889.88999999998,0,33788.7,0,0,356426.2335714286,947.6,456946.75,548491.65,0,18463.5,0,0,90718.045,37205.149999999994,0,0,877800.5599999999,0,2585204.6985714287
2016-10-01 00:00:00,0,9087.66,208164.87999999998,0,37341.630000000005,0,0,373503.77571428573,1358.2099999999998,476277.64,573754.73,0,18939.67,0,0,68187.295,48088.25,0,0,916410.7,0,2731114.4407142857
2016-11-01 00:00:00,0,9638.42,224643.27999999997,0,38112.71,0,0,372904.6342857143,750.9,463726.20999999996,547323.5299999999,0,18143.4,0,0,76857.99,37957,0,0,1019671.97,0,2809730.044285714
2016-12-01 00:00:00,0,10826.71,227241.47000000003,0,45344.23,0,0,372690.45571428566,974.3,524242.31000000006,615251.51,0,23909.55,0,0,188037.451,45686,0,0,1113827.0999999999,0,3168031.0867142854
2017-01-01 00:00:00,0,5564.6,268741.13,0,57975.62,0,0,358706.8185714286,1188.53,477291.93,546212.16,0,4453.57,0,0,118557.34000000001,27089,0,51.93,1079339.3,0,2945171.928571429
2017-02-01 00:00:00,0,3689.2200000000003,200718.21999999997,0,57092.07,0,0,357497.97022857144,964.14,453665.31999999995,526888.94,0,248.63,0,0,70714.655,33909,0,49.11,1052536.01,0,2757973.2852285714
2017-03-01 00:00:00,0,8912.83,146747.21000000002,0,59574.149999999994,0,0,351791.92503333336,1199.3999999999999,523943.6,592249.34,0,214.24,0,0,102621.014,52165,0,88.86,1216423.42,0,3055930.989033333
2017-04-01 00:00:00,0,6841.660000000001,173685.84,0,64589.03,0,0,360957.7045238095,1023.25,500063.03,530345.96,0,129.95,0,0,198383.905,43273,0,36.8,1032813.29,0,2912143.4195238096
2017-05-01 00:00:00,0,8988.46,154619.14,0,59893.27,0,0,377492.16071428574,976.19,516884.37,588861.6200000001,0,259.57,0,0,212011.695,45402,0,50.28,1034806.2400000001,0,3000244.9957142863
2017-06-01 00:00:00,0,12939.269999999999,140581.12,0,65459.68,0,0,378328.4638095238,952.38,478491.94999999995,549378.05,0,116.01,0,0,184171.005,41171.92,0,61.51,897511.89,0,2749163.248809524
2017-07-01 00:00:00,0,12151.22,119185.53,0,71848.17,0,0,369948.63747619046,0,521730.41,607702.7,0,423.28000000000003,0,0,242807.96000000002,45818.75,0,47.6,938887.64,0,2930551.8974761902
2017-08-01 00:00:00,0,18295.85,147847.74,0,71939.54000000001,0,0,385834.2847619048,1142.85,514086.57000000007,604650.3400000001,0,277.28999999999996,0,0,247198.615,62667.5,0,50.77,950188.1400000001,0,3004179.489761905
2017-09-01 00:00:00,0,20824.190000000002,146741.02,0,50257.310000000005,0,0,447373.5921428572,964.29,492618.55000000005,560892.6699999999,0,332.46000000000004,0,0,184904.635,60278.5,0,47.21,894363.5800000001,0,2859598.007142857
2017-10-01 00:00:00,0,25225.219999999998,135560.6,0,61015.54,0,0,393901.92142857146,952.38,512762.32000000007,583658.83,0,211.74,0,0,113926.535,89116.09,0,0,935986.1699999999,0,2852317.3464285713
2017-11-01 00:00:00,0,38383.060000000005,115709.19,0,61290.82,0,0,409332.8580952381,1340.26,510631.29,563345.61,0,204.43,0,0,146069.01,41866.5,0,73.33,1038598.2599999999,0,2926844.6180952378
2017-12-01 00:00:00,0,31978.3,129000.71999999999,0,68044.92,0,0,404574.361904762,1126.19,574097.7000000001,635423.7599999999,0,108.69,0,0,177572.34000000003,89124.29,0,28.88,1117711.4500000002,0,3228791.6019047624
2018-01-01 00:00:00,0,24744.76,122349.07999999997,0,68372.98,1105628.89,15763.64,421848.9204761905,1142.24,528763.3,581802.98,0,770.4,0,0,173232.245,79652,0,57.199999999999996,0,0,3124128.6354761906
2018-02-01 00:00:00,0,21717.4,78815.78,0,54920.53999999999,1072071.67,14687.22,379239.0671428571,951.6,502041.6699999999,545210,0,404.73999999999995,0,0,109496.87,73770,0,87.72999999999999,0,0,2853414.287142857
2018-03-01 00:00:00,0,22287.440000000002,158722.77000000002,0,67891.4,1194136.18,15893.32,415125.89642857143,1007.52,571052.1300000001,618402.18,0,204.26,0,0,274273.3,49749,0,67.08,0,0,3388812.4764285716
2018-04-01 00:00:00,0,24880.300000000003,149741.63000000003,0,65835.66,1108452.97,14929.779999999999,370434.60523809516,1404.69,526979.67,565665.72,0,422.67,0,0,273396.67,88761,0,43.269999999999996,0,0,3190948.6352380957
2018-05-01 00:00:00,0,34587.380000000005,188452.22999999998,0,61285.5,1009750.145,7736.860000000001,403094.74404761905,723.7900000000001,544395.17,570129.66,0,671.9,0,0,175846.1,77485,0,36.49,0,0,3074194.969047619
2018-06-01 00:00:00,0,40679.670000000006,182142.23,0,67706.76000000001,930065,7816.91,390070.17166666663,561.38,518911.43999999994,554431.5,0,383.46999999999997,0,0,159409.05,76489,0,88.11,0,0,2928754.6916666664
2018-07-01 00:00:00,0,54625.850000000006,156567.43999999997,0,67215.08,950343.54,8053.830000000001,381128.07523809525,380.95,541811.1199999999,589775.97,0,366.65000000000003,0,0,102500.585,102153.5,0,52.010000000000005,0,0,2954974.600238095
2018-08-01 00:00:00,0,50840.689999999995,184168.23999999996,0,72586.2,991818.145,8812.43,407124.7461904762,1000,570224.107,593659.63,0,427.19,0,0,204237.645,83143.62,0,59.709999999999994,0,0,3168102.353190476
2018-09-01 00:00:00,0,45219.24999999999,124107.40000000001,0,59624.17,882303.5249999999,7081.410000000001,385717.7907142857,1000,531285.291,551547.83,0,96.65,0,0,261284.38,93004,0,48.54,0,0,2942320.2367142853
2018-10-01 00:00:00,0,47762.3,120634.52400000002,0,66392.11,969095.037,8587.080000000002,408674.33652380947,952.38,573751.472,579474.4299999999,0,187.64000000000001,0,0,307141.02,70523,0,59.76,0,0,3153235.089523809
2018-11-01 00:00:00,0,47250.310000000005,100763.499,0,73529.19,1061941.9109999998,7844.210000000001,408049.57899999997,1142.86,563417.572,573687.35,0,271.839,0,0,286935.32,81713,0,68.01,0,0,3206614.65
2018-12-01 00:00:00,0,31557.54,109649.85500000001,0,79674.76,1106130.2463000002,8369.53,421872.0875238095,952.38,632670.174,654281.25,0,272.909,0,0,311858.76,94593,0,57.800000000000004,0,0,3451940.29182381
2019-01-01 00:00:00,21985.77,29531.29,125570.4,26.66,75489.04,1152949.52,8625.62,421555.41,1000.5,596682.75,601714.9,595.4,259.2,475.49,286.57,165807.89,82300,7412.33,68.31,0,0,3292337.05
2019-02-01 00:00:00,18854.82,44387.57,133930.96,25.75,63990.69,1103358.49,7269.33,402371.33,976.19,559109.22,565425.02,631.57,-35.69,1911.93,120.08,152000.02,98063,7078.95,89.72,0,0,3159558.95
2019-03-01 00:00:00,19205.26,63919.13,164290.04,0,70377.9,1228025.34,8943.32,428149.45,1053.27,645266.77,610720.58,347.8,104.14,2170.21,251.71,342482.2,127462,7840.52,64.64,0,0,3720674.2800000003
2019-04-01 00:00:00,18390.76,43899.02,156945.14,873.32,70541.87,1160125.11,7643.39,414018.68,0.01,657570.18,598956.3,552.97,-48.13,1944.32,15.13,343735.26,108573,6143.69,59.88,0,0,3589939.9
2019-05-01 00:00:00,22640.1,66588.87,223361.05,745.79,67768.53,1134666.18,9781.63,426587.33,1074.42,666748.63,611592.32,322.89,-73.5,2658.48,61.08,351666.55,121253,8595,63.44,0,0,3716101.79
2019-06-01 00:00:00,20117.45,49691.28,125307.02,919.24,67452.06,1012030.47,8360.35,399031.61,1003.81,641136.56,595744.38,296.94,86.01,0,4.12,319891.51,112667,7438.84,57.93,0,0,3361236.5799999996
2019-07-01 00:00:00,20426.91,74347.22,159021.42,35.42,76715.52,1030649.68,8936.2,419958.02,1099.07,650150.78,615559.33,366.54,10.89,3134.83,-22.46,198491.88,135670,8447.45,65.75,0,0,3403064.45
2019-08-01 00:00:00,22578.56,77017.06,148998.84,0,66531.06,1070198.1,9041.15,419493.82,1122.94,668783.39,632415.7,394.36,73.61,952.38,7.26,170236.68,129913,8685.14,66.12,0,0,3426509.17
2019-09-01 00:00:00,18104.32,62918.62,109518.54,0,56736.35,973358.44,8446.19,396860.64,935.26,616079.3,587861.84,306.28,80.43,2215.06,13.98,142986.06,130578,8413.38,55.4,0,0,3115468.09
2019-10-01 00:00:00,21550.86,69868.8,33606.2,0,61731.51,1043629.53,9433.36,433917.15,1193.1,669008.77,643044.33,391.11,193.58,2499.43,21.74,225348.5,132696,9481.17,56.76,0,0,3357671.9000000004
2019-11-01 00:00:00,18951.08,57250.41,126737.63,0,63858.3,1122734.55,8998.01,430725.89,1125.97,643070.35,620572.21,397,-1893.08,2479.15,30.35,290391.95,107489,13815.26,77.26,0,0,3506811.29
2019-12-01 00:00:00,19079.56,22845.74,115170.39,0,39030.48,1175724.83,9456.65,428697.64,1043.74,706020.77,682468.14,304.36,35074.25,2899.75,55.04,294706.32,83915,8004.56,59.41,0,0,3624556.6300000004
2020-01-01 00:00:00,23464.38,12977.57,132814.31,0,67346,1184419.19,9523.25,421644.72,1137.95,640011.73,622323.79,546.42,340.77,2645.63,28.01,307317.12,64486,9111.42,84.21,0,0,3500222.47
2020-02-01 00:00:00,19558.69,23258.89,145923.81,0,58608.78,1233250.24,9821.78,426533.15,958.33,652028,633100.05,354.64,479.92,2604.12,16.73,248778.51,104545.19,9281.12,73.87,0,0,3569175.8200000003
2020-03-01 00:00:00,17452.84,19587.38,104824.84,0,37280.42,1100813.77,10445.97,420637.14,946.43,573586.73,509752.95,377.36,4564.83,1267.79,6.83,306511.61,106949.57,8888.12,74.1,0,0,3223968.6799999997
2020-04-01 00:00:00,13476.06,17494.2,51247.2,0,13870.41,867592.28,5620.48,345933.61,452.38,458420.85,391773.23,362.79,145.45,0,6.84,310990.98,53000,6706.35,30.42,0,0,2537123.5300000003
2020-05-01 00:00:00,13827.56,35550.36,139347.72,0,17776.74,828743.95,4099.92,362987.37,380.95,478771.83,407482.52,254.57,758.66,0,31.18,366963.69,81524,7285.7,55.64,0,0,2745842.3600000003
2020-06-01 00:00:00,17170.47,33842.05,114881.57,0,17381.3,782327.99,7406.06,402541.02,462.88,516933.6,388952.81,268.12,171.89,0,51.15,327627.6,70605,7672.9,60.2,0,0,2688356.6100000003
2020-07-01 00:00:00,18373.04,43939.07,119704.27,0,19154.5,870354.89,5067.16,423328.22,571.45,567052.5,462380.81,547.48,297.79,0,25.44,281593.37,86576,9327.62,69.68,0,0,2908363.29
2020-08-01 00:00:00,21877.37,33601.74,129081.54,0,19506.82,885200.72,9764.89,483695.9,1017.1,647375.58,574379.33,385.18,346.31,0,12.4,274835.24,94364,7451.79,80.22,0,0,3182976.13
2020-09-01 00:00:00,21879.53,26005.63,123261.01,0,20238.47,959013.35,9735.38,439581.36,948.8,661665.58,610445.1,509,287.45,356.4,35.69,158485.71,95762,11629.83,54.92,0,0,3139895.21
2020-10-01 00:00:00,22655.15,37876.73,117108.19,0,29115.9,1064005.3,16475.25,459312.45,1142.86,680362.07,648582.82,468.37,266.74,0,29.42,254131.92,128310,12831.92,68.1,0,0,3472743.1900000004
2020-11-01 00:00:00,21903.24,28761.42,111855.8,0,33878.65,1072873.46,10704.69,421504.59,1142.86,652630.16,639856.62,407.14,231.18,933.81,66.48,209982.62,91526,10883.8,70.08,0,0,3309212.6
2020-12-01 00:00:00,21166.56,27190.81,162734.65,0,38849.97,1276290.85,12819.54,481068.86,1312.55,768193.03,760695.45,547.1,-4603.49,1116.47,52.58,243519.81,118168,13060.54,73.41,0,0,3922256.69
2021-01-01 00:00:00,29777.89,26925.55,110449.89,0,37507.18,1220637.86,12064.41,485759.13,940.9,685942.97,655512.66,452.5,5223.09,274.48,88.32,128264.67,108756,13975.11,0,0,0,3522552.61
2021-02-01 00:00:00,20350.18,21953.78,146527.38,0,37044.54,1272608.93,10943.51,447847.05,1010.16,669312.88,621712.09,709.18,-308.7,0,42.85,286352.94,110937,9954.97,0,0,0,3656998.74
2021-03-01 00:00:00,27765.93,29164.03,153583.54,0,36954.44,1417379.54,10508.49,513966.39,1291.15,773453.52,692240.49,417.13,116.17,0,95.13,187420.65,104570,11349.78,0,0,0,3960276.38
2021-04-01 00:00:00,25695.84,39782.05,128870.62,0,50964.69,1268491.3,9876.2,466275.27,1029.93,688389.03,610310.75,441.82,71.76,83,31.83,222753.58,108795,12887.39,0,0,0,3634750.0599999996
2021-05-01 00:00:00,24652.39,49044.75,124558.01,160,52492.11,1188222.54,12741.15,475018.36,935.05,707336.38,643076.84,237.83,9.43,516.7,54.68,208306.63,122958,11316.86,0,0,0,3621637.71
2021-06-01 00:00:00,23178.27,29579.19,130750.3,0,56780.29,1128077.11,10188.84,475462.79,1118.33,692598.71,637332.81,319.61,66.04,217,525.04,221867.31,112843,4353.63,0,0,0,3525258.27
2021-07-01 00:00:00,26087.78,28594.62,161178.68,0,59802.43,1197398.4,11250.16,500478.6,1116.71,740193.13,665472.94,272.62,-105.71,353,193.49,247257.05,89715,13270.25,0,0,0,3742529.15
2021-08-01 00:00:00,22702.6,28571.4,108263.65,0,50494.29,1104625.93,10524.54,492629.81,1034.76,668221.54,636824.61,480.63,73.11,380,0.75,209382.44,118471,10196.2,0,0,0,3462877.26
2021-09-01 00:00:00,24886.79,16940.81,119053.02,73.32,54470.85,1102655.34,10578.96,493058.47,1128.98,670418.8,605257.76,316.84,151.91,345,6.86,186654.68,91068,7911.3,0,0,0,3384977.69
2021-10-01 00:00:00,22594.68,22006.99,111134.14,0,55352.31,1166983.39,10922.71,497279.7,374.12,718676.32,675821.54,294.75,-321.14,1350,0.13,481888.42,105591.55,7075.41,0,0,0,3877025.0199999996
2021-11-01 00:00:00,24166.33,23458,104401.79,0,61963.26,1223817.11,10724.39,480432.29,1419.33,708246.27,641916.4,329.07,114.64,0,25.16,301772.78,86090.12,14335.88,0,0,0,3683212.82
2021-12-01 00:00:00,22777.04,29373.31,148010.7,0,70251.79,1380064.62,14349.94,531775.93,1310.74,821882.15,768102.83,174.21,161.85,0,1.74,330630.31,107199.79,12026.93,0,0,0,4238093.880000001
2022-01-01 00:00:00,26398.49,26627.95,123738,0,61396.28,1281083.25,13681.79,513015.93,1521.19,683031.84,621512.78,5249.84,188.33,0,0.1,349200.82,97622.5,9395.75,0,0,0,3813664.84
2022-02-01 00:00:00,28690.37,22671.15,113402.81,0,54437.25,1267195.1,8915.36,519921.04,947.72,661521.58,592106.14,3609.39,126.45,0,2.52,440976.25,119968.05,6436.35,0,0,0,3840927.5300000007
2022-03-01 00:00:00,29464.78,31004.35,154357.45,0,66914.62,1335367.84,10326.27,483657.43,1523.81,701819.65,598038.47,4287.51,141.38,1500,134.92,455044.7,128886.16,7693.95,0,0,0,4010163.29
2022-04-01 00:00:00,25782.82,16827.45,133668.15,-11.79,69048.36,1288232.7,9065.57,493178.4,1390.31,812059.06,569199.43,7109.72,160.61,652,394.46,405287.72,104909.33,5358.26,0,0,0,3942312.5600000005
2022-05-01 00:00:00,25853.21,21737.46,167050.2,-82.52,71003.32,1109576.77,8920.19,515616.02,1333.33,791824.98,483991.63,4737.69,426.14,728.29,166.74,409436.09,101345.62,9698.39,0,0,0,3723363.5500000003
2022-06-01 00:00:00,25887.94,19273.76,104641.21,14.47,68988.11,1102689.46,9445.02,513914.27,1338.21,781009.47,507260.42,4057.9,797.57,2105.56,0.5,362269.01,99404.5,7380.71,0,0,0,3610478.09
2022-07-01 00:00:00,21393.25,27249.06,107271.87,15.71,70983.86,1125984.15,9177.23,513619.25,1142.86,788841.46,554496.9,7441.02,536.57,1519.74,153.09,432128.63,96843.79,7556.06,0,0,0,3766354.5
2022-08-01 00:00:00,23208.91,33587.39,109190.19,-143,74443.19,1107348.96,9928.6,541273.94,1292.79,784468.32,581844.42,6487.42,211.02,1573.56,98.6,462195.76,115875.47,7619.59,0,0,0,3860505.1300000004
2022-09-01 00:00:00,22348.19,39127.46,135728.17,0,63518.27,1202883.03,10663.38,479529.68,1129.28,760396.15,570632.2,4177.49,88.55,2452.28,46.75,404922.34,100738,8249.4,0,0,0,3806630.619999999
2022-10-01 00:00:00,25580,55160.16,131645.27,-94.29,54757.41,979243.31,8890.2,545823.45,1138.12,768784.36,573943.48,7409.45,241.35,1914.45,37.27,352332.22,123296.8,10662.76,0,0,0,3640765.7700000005
2022-11-01 00:00:00,25768.8,72337.43,139804.79,-439.19,67178.42,1165294.16,10785.62,528393.77,1112.59,771173.12,572163.23,5610.95,-3.33,1598.96,67.94,748589.98,137937.12,11728.21,0,0,0,4259102.57
2022-12-01 00:00:00,25304.91,57533.95,135803.78,-286.43,94150.68,1241281.79,8940.56,556737.22,1320.96,865851.44,635953.46,3668.38,362.38,1786.75,60.41,283650.41,135988,6824.75,0,0,0,4054933.4
2023-01-01 00:00:00,26561.43,77035.87,105294.71,-380.72,73581.22,1285932.51,9391.16,574148,1224.04,804524.73,599501.29,5654.81,540.21,2222.59,142.63,427535.42,112435.87,7647.92,0,0,0,4112993.6899999995
2023-02-01 00:00:00,25743.23,74416.24,116577.42,-287.62,66761.16,1226884.63,8398.95,497273.19,1134.43,737345.64,544144,510.4,935.55,1133.8,145.61,311098.09,100237.67,16166.19,0,0,0,3728618.579999999
2023-03-01 00:00:00,31025.18,69630.4,194492.83,,83431.51,1463008.43,11462.71,588892.16,1514.78,875010.34,656941.64,481.54,-1882.43,2024.49,268.68,311475.22,112090.14,12781.27,0,0,0,4412648.889999999
2023-04-01 00:00:00,22208.24,74654.67,157844.83,-841.64,80733.64,1248429.37,10553.37,513919.89,1390.03,798128.36,585642.2,410.1,-1568.78,940.32,108.23,322290.11,96434.73,13410.95,0,0,0,3924688.62
2023-05-01 00:00:00,25230.27,76296.87,221002.66,-797.34,73860.95,1346554.12,12201.45,565814.79,1790.83,866826.79,646221.2,522.86,-2825.2,1652.7,325.27,508981.62,114448.93,15206.96,0,0,0,4473315.7299999995